Entity,Code,Year,NoPeopleBPovertyLine
Albania,ALB,1996,16944
Albania,ALB,2002,33337
Albania,ALB,2005,17800
Albania,ALB,2008,5892
Albania,ALB,2012,18003
Albania,ALB,2014,29558
Albania,ALB,2015,3475
Albania,ALB,2016,4006
Albania,ALB,2017,11280
Albania,ALB,2018,1379
Albania,ALB,2019,0
Algeria,DZA,1988,1569347
Algeria,DZA,1995,1659487
Algeria,DZA,2011,166981
Angola,AGO,2000,3510083
Angola,AGO,2008,3174611
Angola,AGO,2018,9588624
Argentina - urban,,1980,71452
Argentina - urban,,1986,293557
Argentina - urban,,1987,317511
Argentina - urban,,1991,280792
Argentina - urban,,1992,491272
Argentina - urban,,1993,589233
Argentina - urban,,1994,578379
Argentina - urban,,1995,1183846
Argentina - urban,,1996,1313596
Argentina - urban,,1997,1189211
Argentina - urban,,1998,1270520
Argentina - urban,,1999,1358503
Argentina - urban,,2000,1639510
Argentina - urban,,2001,2742016
Argentina - urban,,2002,4198292
Argentina - urban,,2003,1803369
Argentina - urban,,2004,1318876
Argentina - urban,,2005,921325
Argentina - urban,,2006,750699
Argentina - urban,,2007,618127
Argentina - urban,,2008,575716
Argentina - urban,,2009,559552
Argentina - urban,,2010,277671
Argentina - urban,,2011,265592
Argentina - urban,,2012,243678
Argentina - urban,,2013,239737
Argentina - urban,,2014,238802
Argentina - urban,,2016,266623
Argentina - urban,,2017,171352
Argentina - urban,,2018,313720
Argentina - urban,,2019,324105
Argentina - urban,,2020,449203
Armenia,ARM,1996,440344
Armenia,ARM,1999,367575
Armenia,ARM,2001,426326
Armenia,ARM,2002,302384
Armenia,ARM,2003,227538
Armenia,ARM,2004,159572
Armenia,ARM,2005,78394
Armenia,ARM,2006,59124
Armenia,ARM,2007,45051
Armenia,ARM,2008,25578
Armenia,ARM,2009,36033
Armenia,ARM,2010,27377
Armenia,ARM,2011,34089
Armenia,ARM,2012,24003
Armenia,ARM,2013,50368
Armenia,ARM,2014,41914
Armenia,ARM,2015,33537
Armenia,ARM,2016,32531
Armenia,ARM,2017,23136
Armenia,ARM,2018,39548
Armenia,ARM,2019,30467
Armenia,ARM,2020,11501
Australia,AUS,1981,148300
Australia,AUS,1985,157786
Australia,AUS,1989,125145
Australia,AUS,1995,135501
Australia,AUS,2001,145095
Australia,AUS,2003,198423
Australia,AUS,2004,143415
Australia,AUS,2008,76759
Australia,AUS,2010,76928
Australia,AUS,2014,117022
Australia,AUS,2016,120650
Australia,AUS,2018,124187
Austria,AUT,1987,0
Austria,AUT,1994,19713
Austria,AUT,1995,79008
Austria,AUT,1997,16659
Austria,AUT,2000,19357
Austria,AUT,2003,26980
Austria,AUT,2004,6673
Austria,AUT,2005,12645
Austria,AUT,2006,7451
Austria,AUT,2007,30883
Austria,AUT,2008,39208
Austria,AUT,2009,54752
Austria,AUT,2010,41039
Austria,AUT,2011,34859
Austria,AUT,2012,52006
Austria,AUT,2013,28662
Austria,AUT,2014,19166
Austria,AUT,2015,58528
Austria,AUT,2016,58017
Austria,AUT,2017,27984
Austria,AUT,2018,50246
Austria,AUT,2019,56888
Azerbaijan,AZE,1995,954504
Azerbaijan,AZE,2001,499460
Azerbaijan,AZE,2002,6497
Azerbaijan,AZE,2003,4165
Azerbaijan,AZE,2004,0
Azerbaijan,AZE,2005,0
Bangladesh,BGD,1983,32118282
Bangladesh,BGD,1988,40979622
Bangladesh,BGD,1991,44293409
Bangladesh,BGD,1995,38776268
Bangladesh,BGD,2000,42537302
Bangladesh,BGD,2005,33322071
Bangladesh,BGD,2010,26893935
Bangladesh,BGD,2016,21276841
Belarus,BLR,1993,41637
Belarus,BLR,1995,127297
Belarus,BLR,1998,2191998
Belarus,BLR,1999,1924361
Belarus,BLR,2000,1361461
Belarus,BLR,2001,657689
Belarus,BLR,2002,433526
Belarus,BLR,2003,343901
Belarus,BLR,2004,126573
Belarus,BLR,2005,86095
Belarus,BLR,2006,38283
Belarus,BLR,2007,20899
Belarus,BLR,2008,15866
Belarus,BLR,2009,13133
Belarus,BLR,2010,3219
Belarus,BLR,2011,622
Belarus,BLR,2012,1139
Belarus,BLR,2013,0
Belarus,BLR,2014,0
Belarus,BLR,2015,0
Belarus,BLR,2016,0
Belarus,BLR,2017,0
Belarus,BLR,2018,0
Belarus,BLR,2019,0
Belarus,BLR,2020,0
Belgium,BEL,1985,23678
Belgium,BEL,1988,47311
Belgium,BEL,1992,98772
Belgium,BEL,1995,41805
Belgium,BEL,1997,50141
Belgium,BEL,2000,31318
Belgium,BEL,2003,30549
Belgium,BEL,2004,5421
Belgium,BEL,2005,20231
Belgium,BEL,2006,17820
Belgium,BEL,2007,16093
Belgium,BEL,2008,12682
Belgium,BEL,2009,11615
Belgium,BEL,2010,14940
Belgium,BEL,2011,18574
Belgium,BEL,2012,17390
Belgium,BEL,2013,16126
Belgium,BEL,2014,8574
Belgium,BEL,2015,7977
Belgium,BEL,2016,6778
Belgium,BEL,2017,16820
Belgium,BEL,2018,9269
Belgium,BEL,2019,9025
Belize,BLZ,1993,26773
Belize,BLZ,1994,29836
Belize,BLZ,1995,31596
Belize,BLZ,1996,39038
Belize,BLZ,1997,47621
Belize,BLZ,1998,45580
Belize,BLZ,1999,43048
Benin,BEN,2003,3992623
Benin,BEN,2011,5133602
Benin,BEN,2015,5362992
Benin,BEN,2018,2285063
Bhutan,BTN,2003,83893
Bhutan,BTN,2007,38918
Bhutan,BTN,2012,12140
Bhutan,BTN,2017,7051
Bolivia,BOL,1997,1233392
Bolivia,BOL,1999,1806242
Bolivia,BOL,2000,2041214
Bolivia,BOL,2001,1632910
Bolivia,BOL,2002,1721150
Bolivia,BOL,2004,926563
Bolivia,BOL,2005,1440849
Bolivia,BOL,2006,1173934
Bolivia,BOL,2007,904876
Bolivia,BOL,2008,811214
Bolivia,BOL,2009,868048
Bolivia,BOL,2011,541175
Bolivia,BOL,2012,671222
Bolivia,BOL,2013,548375
Bolivia,BOL,2014,457799
Bolivia,BOL,2015,503265
Bolivia,BOL,2016,620026
Bolivia,BOL,2017,552184
Bolivia,BOL,2018,372564
Bolivia,BOL,2019,221113
Bolivia,BOL,2020,363727
Bolivia - urban,,1990,75815
Bolivia - urban,,1992,360002
Bosnia and Herzegovina,BIH,2001,12233
Bosnia and Herzegovina,BIH,2004,6819
Bosnia and Herzegovina,BIH,2007,2501
Bosnia and Herzegovina,BIH,2011,2745
Botswana,BWA,1985,447026
Botswana,BWA,1993,477231
Botswana,BWA,2002,496721
Botswana,BWA,2009,345509
Botswana,BWA,2015,327147
Brazil,BRA,1981,29592498
Brazil,BRA,1982,30896991
Brazil,BRA,1983,39586628
Brazil,BRA,1984,39603165
Brazil,BRA,1985,34833685
Brazil,BRA,1986,16939975
Brazil,BRA,1987,28102313
Brazil,BRA,1988,32198490
Brazil,BRA,1989,29856384
Brazil,BRA,1990,35750062
Brazil,BRA,1992,35928904
Brazil,BRA,1993,34665034
Brazil,BRA,1995,23875308
Brazil,BRA,1996,26346053
Brazil,BRA,1997,26713712
Brazil,BRA,1998,24343578
Brazil,BRA,1999,25793931
Brazil,BRA,2001,23110218
Brazil,BRA,2002,21075264
Brazil,BRA,2003,22918636
Brazil,BRA,2004,20343410
Brazil,BRA,2005,18543660
Brazil,BRA,2006,15550593
Brazil,BRA,2007,14963980
Brazil,BRA,2008,12496687
Brazil,BRA,2009,11866614
Brazil,BRA,2011,10512692
Brazil,BRA,2012,8954997
Brazil,BRA,2013,7495728
Brazil,BRA,2014,6743818
Brazil,BRA,2015,7928337
Brazil,BRA,2016,9702430
Brazil,BRA,2017,10950867
Brazil,BRA,2018,11105566
Brazil,BRA,2019,11372574
Brazil,BRA,2020,4143970
Bulgaria,BGR,1989,4680
Bulgaria,BGR,1992,0
Bulgaria,BGR,1994,21970
Bulgaria,BGR,1995,101523
Bulgaria,BGR,1997,44960
Bulgaria,BGR,2001,206161
Bulgaria,BGR,2003,72346
Bulgaria,BGR,2006,443192
Bulgaria,BGR,2007,37690
Bulgaria,BGR,2008,93746
Bulgaria,BGR,2009,97206
Bulgaria,BGR,2010,148484
Bulgaria,BGR,2011,180678
Bulgaria,BGR,2012,168725
Bulgaria,BGR,2013,129593
Bulgaria,BGR,2014,119940
Bulgaria,BGR,2015,245462
Bulgaria,BGR,2016,140168
Bulgaria,BGR,2017,97065
Bulgaria,BGR,2018,61150
Bulgaria,BGR,2019,64430
Burkina Faso,BFA,1994,8057395
Burkina Faso,BFA,1998,8765972
Burkina Faso,BFA,2003,6922552
Burkina Faso,BFA,2009,7971662
Burkina Faso,BFA,2014,6964570
Burkina Faso,BFA,2018,6031172
Burundi,BDI,1992,4267555
Burundi,BDI,1998,4913884
Burundi,BDI,2006,5465808
Burundi,BDI,2013,6213875
Cameroon,CMR,1996,7036525
Cameroon,CMR,2001,4092845
Cameroon,CMR,2007,5885641
Cameroon,CMR,2014,5819600
Canada,CAN,1971,494056
Canada,CAN,1975,230973
Canada,CAN,1981,122789
Canada,CAN,1987,58473
Canada,CAN,1991,61002
Canada,CAN,1994,71963
Canada,CAN,1997,149311
Canada,CAN,1998,150569
Canada,CAN,2000,76656
Canada,CAN,2004,77794
Canada,CAN,2007,81648
Canada,CAN,2010,84615
Canada,CAN,2012,85578
Canada,CAN,2013,174182
Canada,CAN,2014,85815
Canada,CAN,2015,87795
Canada,CAN,2016,89809
Canada,CAN,2017,90271
Cape Verde,CPV,2001,85285
Cape Verde,CPV,2007,50201
Cape Verde,CPV,2015,23950
Central African Republic,CAF,1992,2432062
Central African Republic,CAF,2008,2644541
Chad,TCD,2003,5417207
Chad,TCD,2011,4526188
Chad,TCD,2018,4779978
Chile,CHL,1987,1944497
Chile,CHL,1990,1416137
Chile,CHL,1992,919173
Chile,CHL,1994,962952
Chile,CHL,1996,680423
Chile,CHL,1998,686983
Chile,CHL,2000,893890
Chile,CHL,2003,838110
Chile,CHL,2006,341363
Chile,CHL,2009,291247
Chile,CHL,2011,160480
Chile,CHL,2013,93335
Chile,CHL,2015,77526
Chile,CHL,2017,62352
Chile,CHL,2020,143277
China,CHN,1981,910629658
China,CHN,1984,841484657
China,CHN,1987,731700027
China,CHN,1990,816905682
China,CHN,1993,738952525
China,CHN,1996,586134479
China,CHN,1999,575830190
China,CHN,2002,467384386
China,CHN,2005,288350575
China,CHN,2008,237894629
China,CHN,2010,185971523
China,CHN,2011,137532709
China,CHN,2012,115009456
China,CHN,2013,39302677
China,CHN,2014,28523017
China,CHN,2015,16139948
China,CHN,2016,11564023
China,CHN,2017,9434420
China,CHN,2018,6001216
China,CHN,2019,2005031
China - rural,,1981,769096370
China - rural,,1984,715199429
China - rural,,1987,643508357
China - rural,,1990,698923263
China - rural,,1993,646246762
China - rural,,1996,513248956
China - rural,,1999,511180240
China - rural,,2002,432448569
China - rural,,2005,266982768
China - rural,,2008,226170936
China - rural,,2010,178953923
China - rural,,2011,132323926
China - rural,,2012,110875554
China - rural,,2013,34070597
China - rural,,2014,23497486
China - rural,,2015,12838807
China - rural,,2016,9659459
China - rural,,2017,7723870
China - rural,,2018,5057454
China - rural,,2019,1453866
China - urban,,1981,141533288
China - urban,,1984,126285228
China - urban,,1987,88191670
China - urban,,1990,117982419
China - urban,,1993,92705764
China - urban,,1996,72885523
China - urban,,1999,64649950
China - urban,,2002,34935817
China - urban,,2005,21367807
China - urban,,2008,11723693
China - urban,,2010,7017601
China - urban,,2011,5208783
China - urban,,2012,4133902
China - urban,,2013,5232080
China - urban,,2014,5025531
China - urban,,2015,3301141
China - urban,,2016,1904563
China - urban,,2017,1710550
China - urban,,2018,943762
China - urban,,2019,551165
Colombia,COL,1992,3289942
Colombia,COL,1996,6515689
Colombia,COL,1999,8328055
Colombia,COL,2000,6934022
Colombia,COL,2001,8451838
Colombia,COL,2002,5795353
Colombia,COL,2003,5394993
Colombia,COL,2004,5052295
Colombia,COL,2005,4579685
Colombia,COL,2008,4879292
Colombia,COL,2009,4298500
Colombia,COL,2010,3746424
Colombia,COL,2011,3117921
Colombia,COL,2012,3094177
Colombia,COL,2013,2843655
Colombia,COL,2014,2550996
Colombia,COL,2015,2340619
Colombia,COL,2016,2367096
Colombia,COL,2017,2122347
Colombia,COL,2018,2233884
Colombia,COL,2019,2660307
Colombia,COL,2020,5506058
Colombia - urban,,1980,3554916
Colombia - urban,,1988,3323922
Colombia - urban,,1989,3178703
Colombia - urban,,1991,3166737
Comoros,COM,2004,87350
Comoros,COM,2014,141579
Congo,COG,2005,1795219
Congo,COG,2011,1553904
Costa Rica,CRI,1981,635014
Costa Rica,CRI,1986,391257
Costa Rica,CRI,1989,320694
Costa Rica,CRI,1990,323793
Costa Rica,CRI,1991,397498
Costa Rica,CRI,1992,326739
Costa Rica,CRI,1993,287568
Costa Rica,CRI,1994,243538
Costa Rica,CRI,1995,253480
Costa Rica,CRI,1996,298614
Costa Rica,CRI,1997,250093
Costa Rica,CRI,1998,198723
Costa Rica,CRI,1999,264925
Costa Rica,CRI,2000,274465
Costa Rica,CRI,2001,205526
Costa Rica,CRI,2002,191730
Costa Rica,CRI,2003,196722
Costa Rica,CRI,2004,197039
Costa Rica,CRI,2005,142877
Costa Rica,CRI,2006,145043
Costa Rica,CRI,2007,80193
Costa Rica,CRI,2008,108035
Costa Rica,CRI,2009,111997
Costa Rica,CRI,2010,68168
Costa Rica,CRI,2011,81093
Costa Rica,CRI,2012,78448
Costa Rica,CRI,2013,77893
Costa Rica,CRI,2014,72185
Costa Rica,CRI,2015,76267
Costa Rica,CRI,2016,65491
Costa Rica,CRI,2017,58031
Costa Rica,CRI,2018,75279
Costa Rica,CRI,2019,53360
Costa Rica,CRI,2020,112870
Cote d'Ivoire,CIV,1985,816230
Cote d'Ivoire,CIV,1986,457177
Cote d'Ivoire,CIV,1987,1008879
Cote d'Ivoire,CIV,1988,1492239
Cote d'Ivoire,CIV,1992,3466805
Cote d'Ivoire,CIV,1995,3678619
Cote d'Ivoire,CIV,1998,4733692
Cote d'Ivoire,CIV,2002,5008665
Cote d'Ivoire,CIV,2008,6747717
Cote d'Ivoire,CIV,2015,7768482
Cote d'Ivoire,CIV,2018,2870046
Croatia,HRV,1998,0
Croatia,HRV,1999,10089
Croatia,HRV,2000,3992
Croatia,HRV,2001,3316
Croatia,HRV,2004,0
Croatia,HRV,2008,0
Croatia,HRV,2009,1482
Croatia,HRV,2010,0
Croatia,HRV,2011,26768
Croatia,HRV,2012,33603
Croatia,HRV,2013,31018
Croatia,HRV,2014,41613
Croatia,HRV,2015,25004
Croatia,HRV,2016,25714
Croatia,HRV,2017,21330
Croatia,HRV,2018,17886
Croatia,HRV,2019,10567
Cyprus,CYP,2004,950
Cyprus,CYP,2005,65
Cyprus,CYP,2006,190
Cyprus,CYP,2007,268
Cyprus,CYP,2008,92
Cyprus,CYP,2009,1229
Cyprus,CYP,2010,408
Cyprus,CYP,2011,90
Cyprus,CYP,2012,48
Cyprus,CYP,2013,1110
Cyprus,CYP,2014,903
Cyprus,CYP,2015,311
Cyprus,CYP,2016,482
Cyprus,CYP,2017,387
Cyprus,CYP,2018,196
Cyprus,CYP,2019,1844
Czechia,CZE,1992,0
Czechia,CZE,1993,1663
Czechia,CZE,1996,0
Czechia,CZE,2002,0
Czechia,CZE,2004,0
Czechia,CZE,2005,504
Czechia,CZE,2006,6738
Czechia,CZE,2007,11937
Czechia,CZE,2008,3404
Czechia,CZE,2009,1257
Czechia,CZE,2010,3789
Czechia,CZE,2011,4835
Czechia,CZE,2012,3385
Czechia,CZE,2013,4804
Czechia,CZE,2014,0
Czechia,CZE,2015,924
Czechia,CZE,2016,0
Czechia,CZE,2017,0
Czechia,CZE,2018,942
Czechia,CZE,2019,0
Democratic Republic of Congo,COD,2004,48540663
Democratic Republic of Congo,COD,2012,48099495
Denmark,DNK,1987,25502
Denmark,DNK,1992,25544
Denmark,DNK,1995,0
Denmark,DNK,2000,0
Denmark,DNK,2003,18504
Denmark,DNK,2004,17023
Denmark,DNK,2005,13811
Denmark,DNK,2006,7477
Denmark,DNK,2007,760
Denmark,DNK,2008,6219
Denmark,DNK,2009,27327
Denmark,DNK,2010,3178
Denmark,DNK,2011,0
Denmark,DNK,2012,0
Denmark,DNK,2013,17458
Denmark,DNK,2014,11434
Denmark,DNK,2015,9970
Denmark,DNK,2016,15946
Denmark,DNK,2017,8123
Denmark,DNK,2018,9856
Denmark,DNK,2019,14618
Djibouti,DJI,2002,168416
Djibouti,DJI,2012,170953
Djibouti,DJI,2013,220170
Djibouti,DJI,2017,180127
Dominican Republic,DOM,1986,453144
Dominican Republic,DOM,1989,1223717
Dominican Republic,DOM,1992,564935
Dominican Republic,DOM,1996,512965
Dominican Republic,DOM,1997,555440
Dominican Republic,DOM,2000,568801
Dominican Republic,DOM,2001,441793
Dominican Republic,DOM,2002,664348
Dominican Republic,DOM,2003,769783
Dominican Republic,DOM,2004,1041692
Dominican Republic,DOM,2005,674066
Dominican Republic,DOM,2006,576649
Dominican Republic,DOM,2007,566675
Dominican Republic,DOM,2008,515333
Dominican Republic,DOM,2009,448189
Dominican Republic,DOM,2010,375125
Dominican Republic,DOM,2011,397955
Dominican Republic,DOM,2012,382227
Dominican Republic,DOM,2013,298616
Dominican Republic,DOM,2014,341136
Dominican Republic,DOM,2015,260639
Dominican Republic,DOM,2016,211092
Dominican Republic,DOM,2017,105294
Dominican Republic,DOM,2018,88793
Dominican Republic,DOM,2019,89422
Dominican Republic,DOM,2020,114933
East Asia and Pacific,,1990,1055536103
East Asia and Pacific,,1991,1040573331
East Asia and Pacific,,1992,1011052199
East Asia and Pacific,,1993,974904170
East Asia and Pacific,,1994,910983635
East Asia and Pacific,,1995,859153925
East Asia and Pacific,,1996,790875756
East Asia and Pacific,,1997,795810447
East Asia and Pacific,,1998,822503631
East Asia and Pacific,,1999,769745943
East Asia and Pacific,,2000,717859327
East Asia and Pacific,,2001,682537976
East Asia and Pacific,,2002,614970645
East Asia and Pacific,,2003,558440632
East Asia and Pacific,,2004,493489345
East Asia and Pacific,,2005,409468673
East Asia and Pacific,,2006,401951267
East Asia and Pacific,,2007,360805044
East Asia and Pacific,,2008,341670254
East Asia and Pacific,,2009,303471366
East Asia and Pacific,,2010,261804771
East Asia and Pacific,,2011,205333227
East Asia and Pacific,,2012,176131012
East Asia and Pacific,,2013,90483090
East Asia and Pacific,,2014,72625708
East Asia and Pacific,,2015,55250590
East Asia and Pacific,,2016,46227607
East Asia and Pacific,,2017,39652165
East Asia and Pacific,,2018,31957065
East Asia and Pacific,,2019,23641492
Ecuador,ECU,1994,1941118
Ecuador,ECU,1999,2717786
Ecuador,ECU,2000,3605296
Ecuador,ECU,2003,1985886
Ecuador,ECU,2004,2041775
Ecuador,ECU,2005,1631934
Ecuador,ECU,2006,1146371
Ecuador,ECU,2007,1217909
Ecuador,ECU,2008,1092209
Ecuador,ECU,2009,1080083
Ecuador,ECU,2010,852361
Ecuador,ECU,2011,711767
Ecuador,ECU,2012,690631
Ecuador,ECU,2013,509093
Ecuador,ECU,2014,420428
Ecuador,ECU,2015,557704
Ecuador,ECU,2016,589562
Ecuador,ECU,2017,539356
Ecuador,ECU,2018,565747
Ecuador,ECU,2019,622600
Ecuador,ECU,2020,1150194
Ecuador - urban,,1987,887234
Ecuador - urban,,1995,913760
Ecuador - urban,,1998,1156485
Egypt,EGY,1990,2972089
Egypt,EGY,1995,1892921
Egypt,EGY,1999,933752
Egypt,EGY,2004,2304982
Egypt,EGY,2008,2287071
Egypt,EGY,2010,858494
Egypt,EGY,2012,769225
Egypt,EGY,2015,837557
Egypt,EGY,2017,2415743
El Salvador,SLV,1989,983056
El Salvador,SLV,1991,1178517
El Salvador,SLV,1995,746313
El Salvador,SLV,1996,868414
El Salvador,SLV,1998,1219330
El Salvador,SLV,1999,1008302
El Salvador,SLV,2000,762071
El Salvador,SLV,2001,835982
El Salvador,SLV,2002,878156
El Salvador,SLV,2003,947890
El Salvador,SLV,2004,692036
El Salvador,SLV,2005,682586
El Salvador,SLV,2006,465113
El Salvador,SLV,2007,309472
El Salvador,SLV,2008,473220
El Salvador,SLV,2009,456897
El Salvador,SLV,2010,392406
El Salvador,SLV,2011,331702
El Salvador,SLV,2012,289262
El Salvador,SLV,2013,227128
El Salvador,SLV,2014,216646
El Salvador,SLV,2015,146037
El Salvador,SLV,2016,167356
El Salvador,SLV,2017,137696
El Salvador,SLV,2018,118319
El Salvador,SLV,2019,90473
Estonia,EST,1993,20208
Estonia,EST,1995,8472
Estonia,EST,1998,2253
Estonia,EST,2000,20034
Estonia,EST,2001,16910
Estonia,EST,2002,18858
Estonia,EST,2003,16137
Estonia,EST,2004,7486
Estonia,EST,2005,10996
Estonia,EST,2006,11097
Estonia,EST,2007,5702
Estonia,EST,2008,5164
Estonia,EST,2009,7407
Estonia,EST,2010,10548
Estonia,EST,2011,13004
Estonia,EST,2012,9784
Estonia,EST,2013,11330
Estonia,EST,2014,10918
Estonia,EST,2015,7893
Estonia,EST,2016,6185
Estonia,EST,2017,3540
Estonia,EST,2018,3288
Estonia,EST,2019,7390
Eswatini,SWZ,1994,775547
Eswatini,SWZ,2000,564383
Eswatini,SWZ,2009,521600
Eswatini,SWZ,2016,401927
Ethiopia,ETH,1995,37212198
Ethiopia,ETH,1999,33879466
Ethiopia,ETH,2004,25492875
Ethiopia,ETH,2010,27396751
Ethiopia,ETH,2015,27233255
Ethiopia - rural,,1981,21587255
Europe and Central Asia,,1990,14964693
Europe and Central Asia,,1991,17593850
Europe and Central Asia,,1992,24950602
Europe and Central Asia,,1993,29889086
Europe and Central Asia,,1994,38630008
Europe and Central Asia,,1995,38761495
Europe and Central Asia,,1996,38915802
Europe and Central Asia,,1997,36512324
Europe and Central Asia,,1998,36014732
Europe and Central Asia,,1999,46242157
Europe and Central Asia,,2000,42995172
Europe and Central Asia,,2001,39172148
Europe and Central Asia,,2002,34758446
Europe and Central Asia,,2003,33952185
Europe and Central Asia,,2004,29484423
Europe and Central Asia,,2005,29333894
Europe and Central Asia,,2006,26070454
Europe and Central Asia,,2007,23387057
Europe and Central Asia,,2008,20715958
Europe and Central Asia,,2009,20163002
Europe and Central Asia,,2010,19949392
Europe and Central Asia,,2011,18557102
Europe and Central Asia,,2012,17925609
Europe and Central Asia,,2013,16382583
Europe and Central Asia,,2014,17170333
Europe and Central Asia,,2015,15572137
Europe and Central Asia,,2016,14054284
Europe and Central Asia,,2017,13960518
Europe and Central Asia,,2018,11976724
Europe and Central Asia,,2019,11766863
Fiji,FJI,2002,13681
Fiji,FJI,2008,8683
Fiji,FJI,2013,3147
Fiji,FJI,2019,11732
Finland,FIN,1987,0
Finland,FIN,1991,0
Finland,FIN,1995,0
Finland,FIN,2000,0
Finland,FIN,2003,2569
Finland,FIN,2004,2061
Finland,FIN,2005,2902
Finland,FIN,2006,4233
Finland,FIN,2007,3371
Finland,FIN,2008,2862
Finland,FIN,2009,2801
Finland,FIN,2010,2888
Finland,FIN,2011,2554
Finland,FIN,2012,2855
Finland,FIN,2013,4631
Finland,FIN,2014,3614
Finland,FIN,2015,3847
Finland,FIN,2016,2596
Finland,FIN,2017,3623
Finland,FIN,2018,3131
Finland,FIN,2019,2144
France,FRA,1978,541749
France,FRA,1984,843816
France,FRA,1989,573577
France,FRA,1994,0
France,FRA,2000,0
France,FRA,2003,97947
France,FRA,2004,31181
France,FRA,2005,27202
France,FRA,2006,17578
France,FRA,2007,9518
France,FRA,2008,6239
France,FRA,2009,28697
France,FRA,2010,56831
France,FRA,2011,16848
France,FRA,2012,40021
France,FRA,2013,39857
France,FRA,2014,12386
France,FRA,2015,88879
France,FRA,2016,38784
France,FRA,2017,10632
France,FRA,2018,14204
Gabon,GAB,2005,76255
Gabon,GAB,2017,50973
Gambia,GMB,1998,917389
Gambia,GMB,2003,734902
Gambia,GMB,2010,534902
Gambia,GMB,2015,279131
Georgia,GEO,1996,303967
Georgia,GEO,1997,817108
Georgia,GEO,1998,719785
Georgia,GEO,1999,905865
Georgia,GEO,2000,933659
Georgia,GEO,2001,923644
Georgia,GEO,2002,504857
Georgia,GEO,2003,511715
Georgia,GEO,2004,485891
Georgia,GEO,2005,502746
Georgia,GEO,2006,488543
Georgia,GEO,2007,548027
Georgia,GEO,2008,478996
Georgia,GEO,2009,462609
Georgia,GEO,2010,543929
Georgia,GEO,2011,503421
Georgia,GEO,2012,397730
Georgia,GEO,2013,300340
Georgia,GEO,2014,227890
Georgia,GEO,2015,181775
Georgia,GEO,2016,183146
Georgia,GEO,2017,232250
Georgia,GEO,2018,207162
Georgia,GEO,2019,180377
Georgia,GEO,2020,215667
Germany,DEU,1991,0
Germany,DEU,1992,0
Germany,DEU,1993,0
Germany,DEU,1994,153278
Germany,DEU,1995,198011
Germany,DEU,1996,0
Germany,DEU,1997,0
Germany,DEU,1998,0
Germany,DEU,1999,0
Germany,DEU,2000,0
Germany,DEU,2001,0
Germany,DEU,2002,0
Germany,DEU,2003,0
Germany,DEU,2004,0
Germany,DEU,2005,0
Germany,DEU,2006,0
Germany,DEU,2007,0
Germany,DEU,2008,0
Germany,DEU,2009,0
Germany,DEU,2010,0
Germany,DEU,2011,0
Germany,DEU,2012,0
Germany,DEU,2013,0
Germany,DEU,2014,0
Germany,DEU,2015,0
Germany,DEU,2016,0
Germany,DEU,2017,193048
Germany,DEU,2018,0
Ghana,GHA,1987,9145840
Ghana,GHA,1988,9254445
Ghana,GHA,1991,10911948
Ghana,GHA,1998,10410476
Ghana,GHA,2005,9273038
Ghana,GHA,2012,6692261
Ghana,GHA,2016,7204371
Greece,GRC,1995,183536
Greece,GRC,2000,53284
Greece,GRC,2003,54454
Greece,GRC,2004,70314
Greece,GRC,2005,37199
Greece,GRC,2006,60911
Greece,GRC,2007,55161
Greece,GRC,2008,38157
Greece,GRC,2009,69600
Greece,GRC,2010,108218
Greece,GRC,2011,124699
Greece,GRC,2012,160807
Greece,GRC,2013,104737
Greece,GRC,2014,164823
Greece,GRC,2015,148256
Greece,GRC,2016,111984
Greece,GRC,2017,93864
Greece,GRC,2018,14979
Greece,GRC,2019,73931
Guatemala,GTM,1986,4028374
Guatemala,GTM,1989,3257798
Guatemala,GTM,1998,1546079
Guatemala,GTM,2000,1113518
Guatemala,GTM,2006,1539367
Guatemala,GTM,2014,1457361
Guinea,GIN,1991,5742273
Guinea,GIN,1994,2888349
Guinea,GIN,2002,4566752
Guinea,GIN,2007,4557966
Guinea,GIN,2012,2614451
Guinea,GIN,2018,1715668
Guinea-Bissau,GNB,1993,440663
Guinea-Bissau,GNB,2002,666950
Guinea-Bissau,GNB,2010,1015350
Guinea-Bissau,GNB,2018,405983
Guyana,GUY,1992,219970
Guyana,GUY,1998,89677
Haiti,HTI,2001,5839669
Haiti,HTI,2012,2992469
High income countries,,1990,4087250
High income countries,,1991,4099177
High income countries,,1992,4345438
High income countries,,1993,4688252
High income countries,,1994,4535552
High income countries,,1995,4557491
High income countries,,1996,5004746
High income countries,,1997,5085103
High income countries,,1998,5202375
High income countries,,1999,4945483
High income countries,,2000,4713282
High income countries,,2001,4738842
High income countries,,2002,4852098
High income countries,,2003,5659049
High income countries,,2004,5504494
High income countries,,2005,5610036
High income countries,,2006,5197648
High income countries,,2007,5131927
High income countries,,2008,5303856
High income countries,,2009,5401669
High income countries,,2010,5368180
High income countries,,2011,5974581
High income countries,,2012,6170179
High income countries,,2013,6780861
High income countries,,2014,7290625
High income countries,,2015,7927579
High income countries,,2016,6891425
High income countries,,2017,7683151
High income countries,,2018,6683155
High income countries,,2019,6684494
Honduras,HND,1989,1923931
Honduras,HND,1990,2081101
Honduras,HND,1991,1569078
Honduras,HND,1992,1414402
Honduras,HND,1993,1156004
Honduras,HND,1994,1348646
Honduras,HND,1995,1497419
Honduras,HND,1996,1677316
Honduras,HND,1997,1184354
Honduras,HND,1998,1526728
Honduras,HND,1999,1594500
Honduras,HND,2001,1339385
Honduras,HND,2002,1524105
Honduras,HND,2003,1883138
Honduras,HND,2004,1852275
Honduras,HND,2005,1869746
Honduras,HND,2006,1614051
Honduras,HND,2007,1221486
Honduras,HND,2008,1216620
Honduras,HND,2009,1004346
Honduras,HND,2010,1147994
Honduras,HND,2011,1214694
Honduras,HND,2012,1468287
Honduras,HND,2013,1281813
Honduras,HND,2014,1189496
Honduras,HND,2015,1182632
Honduras,HND,2016,1354183
Honduras,HND,2017,1306439
Honduras,HND,2018,1364647
Honduras,HND,2019,1241947
Honduras - urban,,1986,834943
Hungary,HUN,1987,6890
Hungary,HUN,1989,8084
Hungary,HUN,1991,173836
Hungary,HUN,1993,19365
Hungary,HUN,1994,128384
Hungary,HUN,1998,4822
Hungary,HUN,1999,7299
Hungary,HUN,2000,6217
Hungary,HUN,2001,0
Hungary,HUN,2002,0
Hungary,HUN,2003,1837
Hungary,HUN,2004,0
Hungary,HUN,2005,0
Hungary,HUN,2006,0
Hungary,HUN,2007,0
Hungary,HUN,2008,2135
Hungary,HUN,2009,6494
Hungary,HUN,2010,7179
Hungary,HUN,2011,9130
Hungary,HUN,2012,32316
Hungary,HUN,2013,17837
Hungary,HUN,2014,64889
Hungary,HUN,2015,61633
Hungary,HUN,2016,132364
Hungary,HUN,2017,59635
Hungary,HUN,2018,20287
Hungary,HUN,2019,29480
Iceland,ISL,2003,0
Iceland,ISL,2004,497
Iceland,ISL,2005,110
Iceland,ISL,2006,446
Iceland,ISL,2007,251
Iceland,ISL,2008,193
Iceland,ISL,2009,310
Iceland,ISL,2010,475
Iceland,ISL,2011,393
Iceland,ISL,2012,108
Iceland,ISL,2013,152
Iceland,ISL,2014,0
Iceland,ISL,2015,114
Iceland,ISL,2016,0
Iceland,ISL,2017,0
India,IND,1977,411757595
India,IND,1983,421649976
India,IND,1987,414661110
India,IND,1993,441857619
India,IND,2004,450828822
India,IND,2009,400231611
India,IND,2011,281718150
India,IND,2015,245398844
India,IND,2016,239821666
India,IND,2017,178923467
India,IND,2018,149979976
India,IND,2019,136808517
India - rural,,1977,348992471
India - rural,,1983,354231178
India - rural,,1987,340144044
India - rural,,1993,366155600
India - rural,,2004,363953163
India - rural,,2009,320866090
India - rural,,2011,226118168
India - rural,,2015,193769344
India - rural,,2016,177823055
India - rural,,2017,129736291
India - rural,,2018,104222720
India - rural,,2019,106711075
India - urban,,1977,62765124
India - urban,,1983,67418799
India - urban,,1987,74517066
India - urban,,1993,75702018
India - urban,,2004,86875659
India - urban,,2009,79365521
India - urban,,2011,55599982
India - urban,,2015,51629500
India - urban,,2016,61998611
India - urban,,2017,49187177
India - urban,,2018,45757257
India - urban,,2019,30097442
Indonesia,IDN,1984,119795801
Indonesia,IDN,1987,127608172
Indonesia,IDN,1990,113839167
Indonesia,IDN,1993,118512429
Indonesia,IDN,1996,102514550
Indonesia,IDN,1998,142204680
Indonesia,IDN,1999,95896500
Indonesia,IDN,2000,92227262
Indonesia,IDN,2001,85498915
Indonesia,IDN,2002,58239205
Indonesia,IDN,2003,58266999
Indonesia,IDN,2004,60320316
Indonesia,IDN,2005,55766400
Indonesia,IDN,2006,70140427
Indonesia,IDN,2007,58672306
Indonesia,IDN,2008,58271633
Indonesia,IDN,2009,50009715
Indonesia,IDN,2010,44142221
Indonesia,IDN,2011,38466253
Indonesia,IDN,2012,34125631
Indonesia,IDN,2013,28148803
Indonesia,IDN,2014,23629754
Indonesia,IDN,2015,21384541
Indonesia,IDN,2016,19662137
Indonesia,IDN,2017,17515521
Indonesia,IDN,2018,14519254
Indonesia,IDN,2019,11854954
Indonesia,IDN,2020,10479699
Indonesia,IDN,2021,9803780
Indonesia - rural,,1984,100582757
Indonesia - rural,,1987,102369852
Indonesia - rural,,1990,92045111
Indonesia - rural,,1993,93635417
Indonesia - rural,,1996,80327423
Indonesia - rural,,1998,101333877
Indonesia - rural,,1999,69940738
Indonesia - rural,,2000,66099947
Indonesia - rural,,2001,62843752
Indonesia - rural,,2002,46788724
Indonesia - rural,,2003,45300034
Indonesia - rural,,2004,47050455
Indonesia - rural,,2005,43498953
Indonesia - rural,,2006,52639019
Indonesia - rural,,2007,43751212
Indonesia - rural,,2008,41595933
Indonesia - rural,,2009,35054093
Indonesia - rural,,2010,30686775
Indonesia - rural,,2011,26155497
Indonesia - rural,,2012,22820171
Indonesia - rural,,2013,18030968
Indonesia - rural,,2014,14424585
Indonesia - rural,,2015,12331906
Indonesia - rural,,2016,11492918
Indonesia - rural,,2017,10098588
Indonesia - rural,,2018,8558146
Indonesia - rural,,2019,7019327
Indonesia - rural,,2020,6026678
Indonesia - rural,,2021,5456924
Indonesia - urban,,1984,19213043
Indonesia - urban,,1987,25238320
Indonesia - urban,,1990,21794056
Indonesia - urban,,1993,24877012
Indonesia - urban,,1996,22187127
Indonesia - urban,,1998,40870803
Indonesia - urban,,1999,25955762
Indonesia - urban,,2000,26127315
Indonesia - urban,,2001,22655163
Indonesia - urban,,2002,11450482
Indonesia - urban,,2003,12966965
Indonesia - urban,,2004,13269861
Indonesia - urban,,2005,12267447
Indonesia - urban,,2006,17501409
Indonesia - urban,,2007,14921094
Indonesia - urban,,2008,16675700
Indonesia - urban,,2009,14955621
Indonesia - urban,,2010,13455447
Indonesia - urban,,2011,12310755
Indonesia - urban,,2012,11305460
Indonesia - urban,,2013,10117835
Indonesia - urban,,2014,9205169
Indonesia - urban,,2015,9052635
Indonesia - urban,,2016,8169218
Indonesia - urban,,2017,7416933
Indonesia - urban,,2018,5961108
Indonesia - urban,,2019,4835628
Indonesia - urban,,2020,4453021
Indonesia - urban,,2021,4346856
Iran,IRN,1986,4501912
Iran,IRN,1990,4752329
Iran,IRN,1994,2712569
Iran,IRN,1998,2895172
Iran,IRN,2005,712288
Iran,IRN,2006,599078
Iran,IRN,2009,1087912
Iran,IRN,2013,205508
Iran,IRN,2014,614503
Iran,IRN,2015,565314
Iran,IRN,2016,551607
Iran,IRN,2017,509883
Iran,IRN,2018,701646
Iran,IRN,2019,870927
Iraq,IRQ,2006,9657
Iraq,IRQ,2012,28303
Ireland,IRL,1987,24398
Ireland,IRL,1994,5868
Ireland,IRL,1995,6355
Ireland,IRL,1996,8149
Ireland,IRL,2000,6784
Ireland,IRL,2002,9242
Ireland,IRL,2003,5101
Ireland,IRL,2004,2121
Ireland,IRL,2005,903
Ireland,IRL,2006,17027
Ireland,IRL,2007,4333
Ireland,IRL,2008,8104
Ireland,IRL,2009,22251
Ireland,IRL,2010,24751
Ireland,IRL,2011,24959
Ireland,IRL,2012,15409
Ireland,IRL,2013,31545
Ireland,IRL,2014,18116
Ireland,IRL,2015,17286
Ireland,IRL,2016,6407
Ireland,IRL,2017,11691
Ireland,IRL,2018,191
Israel,ISR,1979,0
Israel,ISR,1986,10124
Israel,ISR,1992,11031
Israel,ISR,1997,14334
Israel,ISR,2001,16032
Israel,ISR,2002,31564
Israel,ISR,2003,30954
Israel,ISR,2004,33986
Israel,ISR,2005,33494
Israel,ISR,2006,15868
Israel,ISR,2007,35313
Israel,ISR,2008,35339
Israel,ISR,2009,36801
Israel,ISR,2010,17357
Israel,ISR,2011,17921
Israel,ISR,2012,58459
Israel,ISR,2013,36572
Israel,ISR,2014,40457
Israel,ISR,2015,41385
Israel,ISR,2016,20630
Israel,ISR,2017,39857
Israel,ISR,2018,44127
Italy,ITA,1986,116443
Italy,ITA,1987,702388
Italy,ITA,1989,0
Italy,ITA,1991,140600
Italy,ITA,1993,695178
Italy,ITA,1995,421972
Italy,ITA,1998,991567
Italy,ITA,2000,711501
Italy,ITA,2003,440970
Italy,ITA,2004,348720
Italy,ITA,2005,375231
Italy,ITA,2006,379934
Italy,ITA,2007,397522
Italy,ITA,2008,414246
Italy,ITA,2009,538701
Italy,ITA,2010,750031
Italy,ITA,2011,686455
Italy,ITA,2012,714839
Italy,ITA,2013,827113
Italy,ITA,2014,748995
Italy,ITA,2015,1183558
Italy,ITA,2016,988195
Italy,ITA,2017,860611
Italy,ITA,2018,880736
Jamaica,JAM,1988,110762
Jamaica,JAM,1990,69705
Jamaica,JAM,1993,184311
Jamaica,JAM,1996,65574
Jamaica,JAM,1999,60939
Jamaica,JAM,2002,57322
Jamaica,JAM,2004,32080
Japan,JPN,2008,614479
Japan,JPN,2010,0
Japan,JPN,2013,927657
Jordan,JOR,1986,0
Jordan,JOR,1992,25399
Jordan,JOR,1997,19717
Jordan,JOR,2002,10379
Jordan,JOR,2006,5446
Jordan,JOR,2008,708
Jordan,JOR,2010,2967
Kazakhstan,KAZ,1993,1381759
Kazakhstan,KAZ,1996,1236991
Kazakhstan,KAZ,2001,1904009
Kazakhstan,KAZ,2002,1320570
Kazakhstan,KAZ,2003,919560
Kazakhstan,KAZ,2004,497937
Kazakhstan,KAZ,2005,1311948
Kazakhstan,KAZ,2006,154837
Kazakhstan,KAZ,2007,59699
Kazakhstan,KAZ,2008,38317
Kazakhstan,KAZ,2009,39293
Kazakhstan,KAZ,2010,31848
Kazakhstan,KAZ,2011,11771
Kazakhstan,KAZ,2012,6452
Kazakhstan,KAZ,2013,5640
Kazakhstan,KAZ,2014,3332
Kazakhstan,KAZ,2015,6714
Kazakhstan,KAZ,2016,8991
Kazakhstan,KAZ,2017,7485
Kazakhstan,KAZ,2018,2767
Kenya,KEN,1992,6697518
Kenya,KEN,1994,6974941
Kenya,KEN,1997,7469772
Kenya,KEN,2005,13431756
Kenya,KEN,2015,14059525
Kiribati,KIR,2006,13233
Kiribati,KIR,2019,1949
Kosovo,OWID_KOS,2003,40847
Kosovo,OWID_KOS,2005,71801
Kosovo,OWID_KOS,2006,70087
Kosovo,OWID_KOS,2009,60062
Kosovo,OWID_KOS,2010,51395
Kosovo,OWID_KOS,2011,33676
Kosovo,OWID_KOS,2012,15088
Kosovo,OWID_KOS,2013,8095
Kosovo,OWID_KOS,2014,20610
Kosovo,OWID_KOS,2015,13944
Kosovo,OWID_KOS,2016,13593
Kosovo,OWID_KOS,2017,7885
Kyrgyzstan,KGZ,1998,1355515
Kyrgyzstan,KGZ,2000,1870329
Kyrgyzstan,KGZ,2001,1649532
Kyrgyzstan,KGZ,2002,1554571
Kyrgyzstan,KGZ,2003,1296288
Kyrgyzstan,KGZ,2004,590893
Kyrgyzstan,KGZ,2005,700815
Kyrgyzstan,KGZ,2006,436855
Kyrgyzstan,KGZ,2007,461125
Kyrgyzstan,KGZ,2008,176011
Kyrgyzstan,KGZ,2009,83276
Kyrgyzstan,KGZ,2010,191843
Kyrgyzstan,KGZ,2011,69361
Kyrgyzstan,KGZ,2012,147459
Kyrgyzstan,KGZ,2013,149854
Kyrgyzstan,KGZ,2014,61182
Kyrgyzstan,KGZ,2015,129896
Kyrgyzstan,KGZ,2016,69520
Kyrgyzstan,KGZ,2017,78629
Kyrgyzstan,KGZ,2018,46529
Kyrgyzstan,KGZ,2019,42550
Kyrgyzstan,KGZ,2020,87732
Laos,LAO,1992,1066618
Laos,LAO,1997,2181503
Laos,LAO,2002,1393630
Laos,LAO,2007,1162032
Laos,LAO,2012,701876
Laos,LAO,2018,504075
Latin America and the Caribbean,,1990,73159629
Latin America and the Caribbean,,1991,70212050
Latin America and the Caribbean,,1992,71894971
Latin America and the Caribbean,,1993,72117970
Latin America and the Caribbean,,1994,67734862
Latin America and the Caribbean,,1995,68975115
Latin America and the Caribbean,,1996,78599890
Latin America and the Caribbean,,1997,75719010
Latin America and the Caribbean,,1998,72752688
Latin America and the Caribbean,,1999,74610652
Latin America and the Caribbean,,2000,69829625
Latin America and the Caribbean,,2001,69316873
Latin America and the Caribbean,,2002,66022015
Latin America and the Caribbean,,2003,65237721
Latin America and the Caribbean,,2004,60181526
Latin America and the Caribbean,,2005,57659473
Latin America and the Caribbean,,2006,47589109
Latin America and the Caribbean,,2007,45957291
Latin America and the Caribbean,,2008,43204797
Latin America and the Caribbean,,2009,41162933
Latin America and the Caribbean,,2010,37724349
Latin America and the Caribbean,,2011,35307145
Latin America and the Caribbean,,2012,30306586
Latin America and the Caribbean,,2013,27414889
Latin America and the Caribbean,,2014,26117037
Latin America and the Caribbean,,2015,25843037
Latin America and the Caribbean,,2016,27491608
Latin America and the Caribbean,,2017,27589494
Latin America and the Caribbean,,2018,27265804
Latin America and the Caribbean,,2019,27757316
Latvia,LVA,1993,413
Latvia,LVA,1995,760
Latvia,LVA,1996,43384
Latvia,LVA,1997,53452
Latvia,LVA,1998,42330
Latvia,LVA,2002,16568
Latvia,LVA,2003,13830
Latvia,LVA,2004,6437
Latvia,LVA,2005,52881
Latvia,LVA,2006,34458
Latvia,LVA,2007,469
Latvia,LVA,2008,591
Latvia,LVA,2009,7601
Latvia,LVA,2010,36344
Latvia,LVA,2011,21186
Latvia,LVA,2012,21720
Latvia,LVA,2013,23455
Latvia,LVA,2014,15778
Latvia,LVA,2015,12860
Latvia,LVA,2016,12677
Latvia,LVA,2017,15484
Latvia,LVA,2018,6938
Latvia,LVA,2019,4576
Lebanon,LBN,2011,0
Lesotho,LSO,1986,844512
Lesotho,LSO,1994,1000397
Lesotho,LSO,2002,1346572
Lesotho,LSO,2017,677655
Liberia,LBR,2007,1846853
Liberia,LBR,2014,1130454
Liberia,LBR,2016,1266768
Lithuania,LTU,1993,243677
Lithuania,LTU,1996,0
Lithuania,LTU,1998,11450
Lithuania,LTU,1999,10330
Lithuania,LTU,2000,8582
Lithuania,LTU,2001,20080
Lithuania,LTU,2002,17346
Lithuania,LTU,2003,6649
Lithuania,LTU,2004,3123
Lithuania,LTU,2005,59198
Lithuania,LTU,2006,49801
Lithuania,LTU,2007,43285
Lithuania,LTU,2008,4778
Lithuania,LTU,2009,70952
Lithuania,LTU,2010,47523
Lithuania,LTU,2011,21214
Lithuania,LTU,2012,28318
Lithuania,LTU,2013,20852
Lithuania,LTU,2014,37007
Lithuania,LTU,2015,20911
Lithuania,LTU,2016,36441
Lithuania,LTU,2017,28921
Lithuania,LTU,2018,25915
Lithuania,LTU,2019,15310
Luxembourg,LUX,1985,0
Luxembourg,LUX,1991,0
Luxembourg,LUX,1994,0
Luxembourg,LUX,1997,0
Luxembourg,LUX,2000,0
Luxembourg,LUX,2003,324
Luxembourg,LUX,2004,83
Luxembourg,LUX,2005,161
Luxembourg,LUX,2006,0
Luxembourg,LUX,2007,105
Luxembourg,LUX,2008,0
Luxembourg,LUX,2009,220
Luxembourg,LUX,2010,0
Luxembourg,LUX,2011,609
Luxembourg,LUX,2012,232
Luxembourg,LUX,2013,484
Luxembourg,LUX,2014,778
Luxembourg,LUX,2015,1710
Luxembourg,LUX,2016,682
Luxembourg,LUX,2017,1688
Luxembourg,LUX,2018,1732
Luxembourg,LUX,2019,627
Madagascar,MDG,1980,4244832
Madagascar,MDG,1993,9284871
Madagascar,MDG,1997,9953154
Madagascar,MDG,1999,10219036
Madagascar,MDG,2001,11544676
Madagascar,MDG,2005,13609765
Madagascar,MDG,2010,16954040
Madagascar,MDG,2012,18040456
Malawi,MWI,1997,6000330
Malawi,MWI,2004,8471609
Malawi,MWI,2010,9948220
Malawi,MWI,2016,11309997
Malawi,MWI,2019,13051413
Malaysia,MYS,1984,546642
Malaysia,MYS,1987,473500
Malaysia,MYS,1989,393252
Malaysia,MYS,1992,386887
Malaysia,MYS,1995,507135
Malaysia,MYS,1997,154792
Malaysia,MYS,2003,388081
Malaysia,MYS,2006,201791
Malaysia,MYS,2008,189719
Malaysia,MYS,2011,40090
Malaysia,MYS,2013,10013
Malaysia,MYS,2015,5763
Maldives,MDV,2002,19440
Maldives,MDV,2009,13333
Maldives,MDV,2016,0
Maldives,MDV,2019,0
Mali,MLI,1994,7887585
Mali,MLI,2001,6441974
Mali,MLI,2006,6558931
Mali,MLI,2009,7024186
Mali,MLI,2018,2821875
Malta,MLT,2006,2075
Malta,MLT,2007,1669
Malta,MLT,2008,446
Malta,MLT,2009,1775
Malta,MLT,2010,909
Malta,MLT,2011,773
Malta,MLT,2012,494
Malta,MLT,2013,126
Malta,MLT,2014,0
Malta,MLT,2015,376
Malta,MLT,2016,419
Malta,MLT,2017,748
Malta,MLT,2018,501
Malta,MLT,2019,1536
Marshall Islands,MHL,2019,502
Mauritania,MRT,1987,777736
Mauritania,MRT,1993,942032
Mauritania,MRT,1995,505113
Mauritania,MRT,2000,565181
Mauritania,MRT,2004,532779
Mauritania,MRT,2008,390361
Mauritania,MRT,2014,255148
Mauritius,MUS,2006,3796
Mauritius,MUS,2012,5179
Mauritius,MUS,2017,1585
Mexico,MEX,1984,6176334
Mexico,MEX,1989,7457283
Mexico,MEX,1992,6423851
Mexico,MEX,1994,6590851
Mexico,MEX,1996,16856707
Mexico,MEX,1998,12394420
Mexico,MEX,2000,8825338
Mexico,MEX,2002,6699880
Mexico,MEX,2004,6219177
Mexico,MEX,2005,6937536
Mexico,MEX,2006,4466328
Mexico,MEX,2008,5942115
Mexico,MEX,2010,5155153
Mexico,MEX,2012,4503203
Mexico,MEX,2014,4469402
Mexico,MEX,2016,3965058
Mexico,MEX,2018,3318036
Mexico,MEX,2020,3996922
Micronesia (country),FSM,2005,9085
Micronesia (country),FSM,2013,16978
Micronesia (country) - urban,,2000,10420
Middle East and North Africa,,1990,13999313
Middle East and North Africa,,1991,16046838
Middle East and North Africa,,1992,13381707
Middle East and North Africa,,1993,12518834
Middle East and North Africa,,1994,12180331
Middle East and North Africa,,1995,13466237
Middle East and North Africa,,1996,12653965
Middle East and North Africa,,1997,12324905
Middle East and North Africa,,1998,11291096
Middle East and North Africa,,1999,11029038
Middle East and North Africa,,2000,10126988
Middle East and North Africa,,2001,9996771
Middle East and North Africa,,2003,9532370
Middle East and North Africa,,2004,8826162
Middle East and North Africa,,2005,8250387
Middle East and North Africa,,2006,8095222
Middle East and North Africa,,2007,7854492
Middle East and North Africa,,2008,7655841
Middle East and North Africa,,2009,7285993
Middle East and North Africa,,2010,6095625
Middle East and North Africa,,2011,7142047
Middle East and North Africa,,2012,7154814
Middle East and North Africa,,2013,7774410
Middle East and North Africa,,2014,9266548
Middle East and North Africa,,2015,17805436
Middle East and North Africa,,2016,20383538
Middle East and North Africa,,2017,22768211
Middle East and North Africa,,2018,29077675
Moldova,MDA,1997,381896
Moldova,MDA,1998,705632
Moldova,MDA,1999,981721
Moldova,MDA,2000,908840
Moldova,MDA,2001,678428
Moldova,MDA,2002,394624
Moldova,MDA,2003,162783
Moldova,MDA,2004,189644
Moldova,MDA,2005,314078
Moldova,MDA,2006,56523
Moldova,MDA,2007,27368
Moldova,MDA,2008,27459
Moldova,MDA,2009,18848
Moldova,MDA,2010,11744
Moldova,MDA,2011,6197
Moldova,MDA,2012,3961
Moldova,MDA,2013,720
Moldova,MDA,2014,0
Moldova,MDA,2015,885
Moldova,MDA,2016,3028
Moldova,MDA,2017,0
Moldova,MDA,2018,0
Moldova,MDA,2019,763
Mongolia,MNG,1995,342395
Mongolia,MNG,1998,670046
Mongolia,MNG,2002,283714
Mongolia,MNG,2007,43970
Mongolia,MNG,2010,31104
Mongolia,MNG,2011,23733
Mongolia,MNG,2012,13364
Mongolia,MNG,2014,9630
Mongolia,MNG,2016,21593
Mongolia,MNG,2018,22559
Montenegro,MNE,2005,1403
Montenegro,MNE,2006,0
Montenegro,MNE,2007,2221
Montenegro,MNE,2008,579
Montenegro,MNE,2009,0
Montenegro,MNE,2010,0
Montenegro,MNE,2011,1310
Montenegro,MNE,2012,7846
Montenegro,MNE,2013,6450
Montenegro,MNE,2014,0
Montenegro,MNE,2015,8373
Montenegro,MNE,2016,15398
Montenegro,MNE,2017,20610
Montenegro,MNE,2018,17670
Morocco,MAR,1984,2903330
Morocco,MAR,1990,1173096
Morocco,MAR,1998,2354344
Morocco,MAR,2000,2284499
Morocco,MAR,2006,1306817
Morocco,MAR,2013,486555
Mozambique,MOZ,1996,13196780
Mozambique,MOZ,2002,15121694
Mozambique,MOZ,2008,15770898
Mozambique,MOZ,2014,16991620
Myanmar,MMR,2015,3275162
Myanmar,MMR,2017,1062930
Namibia,NAM,1993,832239
Namibia,NAM,2003,673879
Namibia,NAM,2009,560716
Namibia,NAM,2015,361518
Nauru,NRU,2012,141
Nepal,NPL,1984,11280754
Nepal,NPL,1995,11900315
Nepal,NPL,2003,10109288
Nepal,NPL,2010,2226023
Netherlands,NLD,1983,65841
Netherlands,NLD,1987,36582
Netherlands,NLD,1990,142448
Netherlands,NLD,1993,148531
Netherlands,NLD,1999,32082
Netherlands,NLD,2004,38405
Netherlands,NLD,2005,24206
Netherlands,NLD,2006,7485
Netherlands,NLD,2007,4690
Netherlands,NLD,2008,21973
Netherlands,NLD,2009,18311
Netherlands,NLD,2010,7882
Netherlands,NLD,2011,16034
Netherlands,NLD,2012,12707
Netherlands,NLD,2013,14599
Netherlands,NLD,2014,9733
Netherlands,NLD,2015,10446
Netherlands,NLD,2016,7820
Netherlands,NLD,2017,32338
Netherlands,NLD,2018,17390
Netherlands,NLD,2019,16604
Nicaragua,NIC,1993,1028192
Nicaragua,NIC,1998,862226
Nicaragua,NIC,2001,966876
Nicaragua,NIC,2005,938574
Nicaragua,NIC,2009,475538
Nicaragua,NIC,2014,242087
Niger,NER,1992,7227347
Niger,NER,1994,7840411
Niger,NER,2005,10967867
Niger,NER,2007,11585467
Niger,NER,2011,10364543
Niger,NER,2014,10305948
Niger,NER,2018,11363597
Nigeria,NGA,1985,39961286
Nigeria,NGA,1992,52438535
Nigeria,NGA,1996,64652167
Nigeria,NGA,2003,63152605
Nigeria,NGA,2010,55294362
Nigeria,NGA,2012,56571700
Nigeria,NGA,2015,58428838
Nigeria,NGA,2018,60453388
North Macedonia,MKD,1998,22811
North Macedonia,MKD,2000,105728
North Macedonia,MKD,2002,29425
North Macedonia,MKD,2003,25207
North Macedonia,MKD,2004,15568
North Macedonia,MKD,2005,30474
North Macedonia,MKD,2006,57963
North Macedonia,MKD,2008,13030
North Macedonia,MKD,2009,200303
North Macedonia,MKD,2010,214711
North Macedonia,MKD,2011,187061
North Macedonia,MKD,2012,142476
North Macedonia,MKD,2013,107860
North Macedonia,MKD,2014,93382
North Macedonia,MKD,2015,113915
North Macedonia,MKD,2016,87804
North Macedonia,MKD,2017,93228
North Macedonia,MKD,2018,70561
Norway,NOR,1979,9266
Norway,NOR,1986,10205
Norway,NOR,1991,20254
Norway,NOR,1995,21405
Norway,NOR,2000,10557
Norway,NOR,2003,9336
Norway,NOR,2004,12161
Norway,NOR,2005,9337
Norway,NOR,2006,6105
Norway,NOR,2007,5966
Norway,NOR,2008,10811
Norway,NOR,2009,4198
Norway,NOR,2010,7382
Norway,NOR,2011,4833
Norway,NOR,2012,5887
Norway,NOR,2013,6626
Norway,NOR,2014,5801
Norway,NOR,2015,8823
Norway,NOR,2016,14692
Norway,NOR,2017,15390
Norway,NOR,2018,13517
Norway,NOR,2019,8371
Pakistan,PAK,1987,66181927
Pakistan,PAK,1990,70090425
Pakistan,PAK,1996,28391341
Pakistan,PAK,1998,40151729
Pakistan,PAK,2001,48574658
Pakistan,PAK,2004,31651531
Pakistan,PAK,2005,32536806
Pakistan,PAK,2007,25001198
Pakistan,PAK,2010,16833376
Pakistan,PAK,2011,17578444
Pakistan,PAK,2013,14081850
Pakistan,PAK,2015,10191093
Pakistan,PAK,2018,10468050
Palestine,PSE,2004,19084
Palestine,PSE,2005,6726
Palestine,PSE,2006,10684
Palestine,PSE,2007,47434
Palestine,PSE,2009,9781
Palestine,PSE,2010,1651
Palestine,PSE,2011,7340
Palestine,PSE,2016,21954
Panama,PAN,1979,120695
Panama,PAN,1989,543903
Panama,PAN,1991,507415
Panama,PAN,1995,424064
Panama,PAN,1997,405859
Panama,PAN,1998,421086
Panama,PAN,1999,364717
Panama,PAN,2000,335504
Panama,PAN,2001,434490
Panama,PAN,2002,301200
Panama,PAN,2003,318362
Panama,PAN,2004,287508
Panama,PAN,2005,285233
Panama,PAN,2006,318466
Panama,PAN,2007,230220
Panama,PAN,2008,143220
Panama,PAN,2009,90490
Panama,PAN,2010,123563
Panama,PAN,2011,90892
Panama,PAN,2012,130658
Panama,PAN,2013,86089
Panama,PAN,2014,112895
Panama,PAN,2015,60081
Panama,PAN,2016,61239
Panama,PAN,2017,86124
Panama,PAN,2018,58712
Panama,PAN,2019,42638
Papua New Guinea,PNG,1996,2797686
Papua New Guinea,PNG,2009,2835283
Paraguay,PRY,1990,50226
Paraguay,PRY,1995,592472
Paraguay,PRY,1997,527458
Paraguay,PRY,1999,532419
Paraguay,PRY,2001,485356
Paraguay,PRY,2002,732201
Paraguay,PRY,2003,467677
Paraguay,PRY,2004,327087
Paraguay,PRY,2005,353655
Paraguay,PRY,2006,469967
Paraguay,PRY,2007,470415
Paraguay,PRY,2008,262833
Paraguay,PRY,2009,355506
Paraguay,PRY,2010,341126
Paraguay,PRY,2011,319740
Paraguay,PRY,2012,213920
Paraguay,PRY,2013,116375
Paraguay,PRY,2014,159305
Paraguay,PRY,2015,126507
Paraguay,PRY,2016,114837
Paraguay,PRY,2017,67396
Paraguay,PRY,2018,97850
Paraguay,PRY,2019,71257
Paraguay,PRY,2020,58008
Peru,PER,1985,695798
Peru,PER,1994,4172058
Peru,PER,1997,5012987
Peru,PER,1998,5000953
Peru,PER,1999,5042476
Peru,PER,2000,5098468
Peru,PER,2001,5446288
Peru,PER,2002,4762099
Peru,PER,2003,4027064
Peru,PER,2004,4511586
Peru,PER,2005,4968160
Peru,PER,2006,4385276
Peru,PER,2007,3751411
Peru,PER,2008,3127707
Peru,PER,2009,2540330
Peru,PER,2010,1984262
Peru,PER,2011,1904599
Peru,PER,2012,1794594
Peru,PER,2013,1615689
Peru,PER,2014,1453229
Peru,PER,2015,1444822
Peru,PER,2016,1428172
Peru,PER,2017,1414069
Peru,PER,2018,1141793
Peru,PER,2019,968182
Peru,PER,2020,1920861
Philippines,PHL,1985,15593649
Philippines,PHL,1988,15146103
Philippines,PHL,1991,17256538
Philippines,PHL,1994,17440889
Philippines,PHL,1997,13263607
Philippines,PHL,2000,11723714
Philippines,PHL,2003,11323816
Philippines,PHL,2006,13445678
Philippines,PHL,2009,10282200
Philippines,PHL,2012,12137527
Philippines,PHL,2015,8466108
Philippines,PHL,2018,5380135
Poland,POL,1985,74095
Poland,POL,1986,91995
Poland,POL,1987,56635
Poland,POL,1989,33911
Poland,POL,1992,85786
Poland,POL,1993,67216
Poland,POL,1995,673396
Poland,POL,1996,1158779
Poland,POL,1998,12246
Poland,POL,1999,27870
Poland,POL,2000,53335
Poland,POL,2001,33434
Poland,POL,2002,32403
Poland,POL,2003,28801
Poland,POL,2004,40205
Poland,POL,2005,70483
Poland,POL,2006,14908
Poland,POL,2007,11980
Poland,POL,2008,4816
Poland,POL,2009,5862
Poland,POL,2010,2841
Poland,POL,2011,11027
Poland,POL,2012,8362
Poland,POL,2013,3444
Poland,POL,2014,3917
Poland,POL,2015,0
Poland,POL,2016,1724
Poland,POL,2017,688
Poland,POL,2018,2458
Poland,POL,2019,0
Portugal,PRT,2003,93700
Portugal,PRT,2004,56261
Portugal,PRT,2005,57088
Portugal,PRT,2006,9751
Portugal,PRT,2007,27171
Portugal,PRT,2008,14491
Portugal,PRT,2009,17532
Portugal,PRT,2010,14428
Portugal,PRT,2011,53636
Portugal,PRT,2012,73942
Portugal,PRT,2013,89429
Portugal,PRT,2014,56756
Portugal,PRT,2015,49967
Portugal,PRT,2016,38683
Portugal,PRT,2017,42282
Portugal,PRT,2018,29849
Portugal,PRT,2019,15298
Romania,ROU,1989,65918
Romania,ROU,1992,126076
Romania,ROU,1994,2024613
Romania,ROU,1995,396654
Romania,ROU,1997,507220
Romania,ROU,1998,373732
Romania,ROU,1999,1197507
Romania,ROU,2000,1395365
Romania,ROU,2001,983018
Romania,ROU,2002,996798
Romania,ROU,2003,685118
Romania,ROU,2004,480248
Romania,ROU,2005,377737
Romania,ROU,2006,409597
Romania,ROU,2007,179805
Romania,ROU,2008,0
Romania,ROU,2009,0
Romania,ROU,2010,0
Romania,ROU,2011,0
Romania,ROU,2012,0
Romania,ROU,2013,0
Romania,ROU,2014,1398143
Romania,ROU,2015,1043514
Romania,ROU,2016,0
Romania,ROU,2017,639794
Romania,ROU,2018,0
Romania,ROU,2019,419217
Russia,RUS,1993,5238958
Russia,RUS,1996,6899082
Russia,RUS,1997,2251395
Russia,RUS,1998,3373461
Russia,RUS,1999,6456305
Russia,RUS,2000,4361853
Russia,RUS,2001,2565721
Russia,RUS,2002,1469625
Russia,RUS,2003,1580991
Russia,RUS,2004,1445391
Russia,RUS,2005,1111921
Russia,RUS,2006,630803
Russia,RUS,2007,287609
Russia,RUS,2008,131502
Russia,RUS,2009,94497
Russia,RUS,2010,119036
Russia,RUS,2011,54704
Russia,RUS,2012,46127
Russia,RUS,2013,11716
Russia,RUS,2014,30656
Russia,RUS,2015,52365
Russia,RUS,2016,39251
Russia,RUS,2017,48308
Russia,RUS,2018,42176
Russia,RUS,2019,43324
Russia,RUS,2020,14647
Rwanda,RWA,2000,5967213
Rwanda,RWA,2005,5839120
Rwanda,RWA,2010,5943806
Rwanda,RWA,2013,5810898
Rwanda,RWA,2016,6068420
Rwanda - rural,,1984,3286033
Saint Lucia,LCA,1995,55992
Saint Lucia,LCA,2016,9222
Samoa,WSM,2002,3843
Samoa,WSM,2008,1929
Samoa,WSM,2013,2194
Sao Tome and Principe,STP,2000,29088
Sao Tome and Principe,STP,2010,40793
Sao Tome and Principe,STP,2017,32206
Senegal,SEN,1991,5436520
Senegal,SEN,1994,5097949
Senegal,SEN,2001,5263003
Senegal,SEN,2005,4553799
Senegal,SEN,2011,5341826
Senegal,SEN,2018,1480078
Serbia,SRB,2002,9595
Serbia,SRB,2003,28461
Serbia,SRB,2004,59457
Serbia,SRB,2005,58614
Serbia,SRB,2006,34874
Serbia,SRB,2007,27261
Serbia,SRB,2008,8231
Serbia,SRB,2009,10579
Serbia,SRB,2010,7130
Serbia,SRB,2012,384444
Serbia,SRB,2013,16154
Serbia,SRB,2014,493660
Serbia,SRB,2015,5089
Serbia,SRB,2016,448654
Serbia,SRB,2017,378764
Serbia,SRB,2018,2587
Serbia,SRB,2019,3141
Seychelles,SYC,1999,610
Seychelles,SYC,2006,315
Seychelles,SYC,2013,1112
Seychelles,SYC,2018,494
Sierra Leone,SLE,1989,2854148
Sierra Leone,SLE,2003,3189922
Sierra Leone,SLE,2011,2539850
Sierra Leone,SLE,2018,1993784
Slovakia,SVK,1992,0
Slovakia,SVK,1996,80250
Slovakia,SVK,2004,4030
Slovakia,SVK,2005,4989
Slovakia,SVK,2006,0
Slovakia,SVK,2007,0
Slovakia,SVK,2008,0
Slovakia,SVK,2009,0
Slovakia,SVK,2010,26693
Slovakia,SVK,2011,22882
Slovakia,SVK,2012,21681
Slovakia,SVK,2013,15239
Slovakia,SVK,2014,36600
Slovakia,SVK,2015,35893
Slovakia,SVK,2016,74983
Slovakia,SVK,2017,12258
Slovakia,SVK,2018,9230
Slovakia,SVK,2019,6442
Slovenia,SVN,1987,320
Slovenia,SVN,1993,807
Slovenia,SVN,1997,0
Slovenia,SVN,1998,561
Slovenia,SVN,1999,0
Slovenia,SVN,2002,0
Slovenia,SVN,2003,0
Slovenia,SVN,2004,518
Slovenia,SVN,2005,2029
Slovenia,SVN,2006,1013
Slovenia,SVN,2007,653
Slovenia,SVN,2008,0
Slovenia,SVN,2009,0
Slovenia,SVN,2010,188
Slovenia,SVN,2011,0
Slovenia,SVN,2012,540
Slovenia,SVN,2013,448
Slovenia,SVN,2014,0
Slovenia,SVN,2015,100
Slovenia,SVN,2016,0
Slovenia,SVN,2017,0
Slovenia,SVN,2018,0
Slovenia,SVN,2019,0
Solomon Islands,SLB,2005,237856
Solomon Islands,SLB,2012,147718
Somalia,SOM,2017,10318362
South Africa,ZAF,1993,13292254
South Africa,ZAF,2000,16558446
South Africa,ZAF,2005,13562054
South Africa,ZAF,2008,9290330
South Africa,ZAF,2010,9251775
South Africa,ZAF,2014,11173333
South Asia,,1990,562991779
South Asia,,1991,567348151
South Asia,,1992,559211438
South Asia,,1993,557983169
South Asia,,1994,560066553
South Asia,,1995,548302133
South Asia,,1996,542033352
South Asia,,2002,575662963
South Asia,,2003,568734692
South Asia,,2004,551229481
South Asia,,2005,532375132
South Asia,,2006,519175845
South Asia,,2007,499220886
South Asia,,2008,484673963
South Asia,,2009,474584083
South Asia,,2010,429696971
South Asia,,2011,356937921
South Asia,,2012,332378235
South Asia,,2013,323120588
South Asia,,2014,310562257
South Asia,,2015,292373936
South Asia,,2016,279393977
South Asia,,2017,225680090
South Asia,,2018,181733329
South Asia,,2019,156282205
South Korea,KOR,2006,120826
South Korea,KOR,2008,119085
South Korea,KOR,2010,245739
South Korea,KOR,2012,125139
South Korea,KOR,2014,119581
South Korea,KOR,2016,116093
South Sudan,SSD,2009,3157887
South Sudan,SSD,2016,7293239
Spain,ESP,1980,186304
Spain,ESP,1985,91294
Spain,ESP,1990,192170
Spain,ESP,1995,494497
Spain,ESP,2000,197720
Spain,ESP,2003,341193
Spain,ESP,2004,350952
Spain,ESP,2005,322149
Spain,ESP,2006,341696
Spain,ESP,2007,164192
Spain,ESP,2008,224678
Spain,ESP,2009,373500
Spain,ESP,2010,314732
Spain,ESP,2011,526944
Spain,ESP,2012,438073
Spain,ESP,2013,529745
Spain,ESP,2014,365878
Spain,ESP,2015,419642
Spain,ESP,2016,523076
Spain,ESP,2017,315945
Spain,ESP,2018,392453
Spain,ESP,2019,374152
Sri Lanka,LKA,1985,2741875
Sri Lanka,LKA,1990,2012629
Sri Lanka,LKA,1995,2148153
Sri Lanka,LKA,2002,2100129
Sri Lanka,LKA,2006,1108758
Sri Lanka,LKA,2009,703409
Sri Lanka,LKA,2012,528425
Sri Lanka,LKA,2016,274646
Sub-Saharan Africa,,1990,271488835
Sub-Saharan Africa,,1991,289166731
Sub-Saharan Africa,,1992,305251907
Sub-Saharan Africa,,1993,320992736
Sub-Saharan Africa,,1994,333270456
Sub-Saharan Africa,,1995,338150595
Sub-Saharan Africa,,1996,341568086
Sub-Saharan Africa,,1997,348574951
Sub-Saharan Africa,,1998,356615882
Sub-Saharan Africa,,1999,364874826
Sub-Saharan Africa,,2000,371136657
Sub-Saharan Africa,,2001,375693272
Sub-Saharan Africa,,2002,378611221
Sub-Saharan Africa,,2003,380595514
Sub-Saharan Africa,,2004,372162744
Sub-Saharan Africa,,2005,369589650
Sub-Saharan Africa,,2006,369054560
Sub-Saharan Africa,,2007,368776837
Sub-Saharan Africa,,2008,366223793
Sub-Saharan Africa,,2009,372081833
Sub-Saharan Africa,,2010,366094403
Sub-Saharan Africa,,2011,365488180
Sub-Saharan Africa,,2012,369460174
Sub-Saharan Africa,,2013,369558939
Sub-Saharan Africa,,2014,368740610
Sub-Saharan Africa,,2015,378271517
Sub-Saharan Africa,,2016,383804597
Sub-Saharan Africa,,2017,385303897
Sub-Saharan Africa,,2018,384848500
Sub-Saharan Africa,,2019,389003507
Sudan,SDN,2009,6275732
Sudan,SDN,2014,5796553
Suriname - urban,,1999,56889
Sweden,SWE,1967,629305
Sweden,SWE,1975,40879
Sweden,SWE,1981,20775
Sweden,SWE,1987,20680
Sweden,SWE,1992,21108
Sweden,SWE,1995,21825
Sweden,SWE,2000,0
Sweden,SWE,2003,28999
Sweden,SWE,2004,35720
Sweden,SWE,2005,97933
Sweden,SWE,2006,33088
Sweden,SWE,2007,37584
Sweden,SWE,2008,53142
Sweden,SWE,2009,42589
Sweden,SWE,2010,51337
Sweden,SWE,2011,58174
Sweden,SWE,2012,43504
Sweden,SWE,2013,62486
Sweden,SWE,2014,45992
Sweden,SWE,2015,55773
Sweden,SWE,2016,25944
Sweden,SWE,2017,24978
Sweden,SWE,2018,73822
Sweden,SWE,2019,32535
Switzerland,CHE,1982,44573
Switzerland,CHE,1992,34003
Switzerland,CHE,2000,0
Switzerland,CHE,2002,0
Switzerland,CHE,2006,3485
Switzerland,CHE,2007,1572
Switzerland,CHE,2008,5237
Switzerland,CHE,2009,2947
Switzerland,CHE,2010,3808
Switzerland,CHE,2011,246
Switzerland,CHE,2012,717
Switzerland,CHE,2013,3412
Switzerland,CHE,2014,2683
Switzerland,CHE,2015,2530
Switzerland,CHE,2016,2870
Switzerland,CHE,2017,0
Switzerland,CHE,2018,2597
Syria,SYR,1996,364231
Syria,SYR,2003,191240
Taiwan,TWN,1981,0
Taiwan,TWN,1986,0
Taiwan,TWN,1991,0
Taiwan,TWN,1995,106037
Taiwan,TWN,1997,0
Taiwan,TWN,2000,0
Taiwan,TWN,2005,0
Taiwan,TWN,2007,0
Taiwan,TWN,2010,55765
Taiwan,TWN,2013,0
Taiwan,TWN,2016,0
Tajikistan,TJK,1999,3791891
Tajikistan,TJK,2003,2404004
Tajikistan,TJK,2004,1422964
Tajikistan,TJK,2007,903843
Tajikistan,TJK,2009,500222
Tajikistan,TJK,2015,516923
Tanzania,TZA,1991,18054326
Tanzania,TZA,2000,28151144
Tanzania,TZA,2007,22879518
Tanzania,TZA,2011,20395722
Tanzania,TZA,2018,25312512
Thailand,THA,1981,10983716
Thailand,THA,1988,9907032
Thailand,THA,1990,6982115
Thailand,THA,1992,5200106
Thailand,THA,1994,2651734
Thailand,THA,1996,1855735
Thailand,THA,1998,1339643
Thailand,THA,1999,2461124
Thailand,THA,2000,2497641
Thailand,THA,2002,1127164
Thailand,THA,2004,770657
Thailand,THA,2006,611974
Thailand,THA,2007,358506
Thailand,THA,2008,202566
Thailand,THA,2009,165313
Thailand,THA,2010,178227
Thailand,THA,2011,48317
Thailand,THA,2012,78229
Thailand,THA,2013,41447
Thailand,THA,2014,61772
Thailand,THA,2015,31978
Thailand,THA,2016,24931
Thailand,THA,2017,25669
Thailand,THA,2018,22310
Thailand,THA,2019,66170
Thailand,THA,2020,32572
Timor,TLS,2001,196484
Timor,TLS,2007,179761
Timor,TLS,2014,94019
Togo,TGO,2006,3513580
Togo,TGO,2011,3884164
Togo,TGO,2015,4005196
Togo,TGO,2018,2214458
Tonga,TON,2000,3032
Tonga,TON,2009,1311
Tonga,TON,2015,1113
Trinidad and Tobago,TTO,1988,0
Trinidad and Tobago,TTO,1992,25782
Tunisia,TUN,1985,900647
Tunisia,TUN,1990,704999
Tunisia,TUN,1995,865157
Tunisia,TUN,2000,425152
Tunisia,TUN,2005,259548
Tunisia,TUN,2010,159106
Tunisia,TUN,2015,15659
Turkey,TUR,1987,1102762
Turkey,TUR,1994,1698896
Turkey,TUR,2002,1370929
Turkey,TUR,2003,2548136
Turkey,TUR,2004,1349365
Turkey,TUR,2005,1589394
Turkey,TUR,2006,1217152
Turkey,TUR,2007,908279
Turkey,TUR,2008,397828
Turkey,TUR,2009,513792
Turkey,TUR,2010,559644
Turkey,TUR,2011,95129
Turkey,TUR,2012,69471
Turkey,TUR,2013,226338
Turkey,TUR,2014,158075
Turkey,TUR,2015,166775
Turkey,TUR,2016,161825
Turkey,TUR,2017,112466
Turkey,TUR,2018,33263
Turkey,TUR,2019,300855
Turkmenistan,TKM,1998,1902875
Tuvalu,TUV,2010,381
Uganda,UGA,1989,9958416
Uganda,UGA,1992,12224480
Uganda,UGA,1996,13657539
Uganda,UGA,1999,15761815
Uganda,UGA,2002,16787571
Uganda,UGA,2005,16065792
Uganda,UGA,2009,14673751
Uganda,UGA,2012,12974734
Uganda,UGA,2016,16942446
Uganda,UGA,2019,18685187
Ukraine,UKR,1992,2037383
Ukraine,UKR,1993,1015416
Ukraine,UKR,1995,3657855
Ukraine,UKR,1996,3680253
Ukraine,UKR,1999,5824975
Ukraine,UKR,2002,1283630
Ukraine,UKR,2003,544358
Ukraine,UKR,2004,441144
Ukraine,UKR,2005,186919
Ukraine,UKR,2006,75072
Ukraine,UKR,2007,47454
Ukraine,UKR,2008,12407
Ukraine,UKR,2009,31923
Ukraine,UKR,2010,5751
Ukraine,UKR,2011,5187
Ukraine,UKR,2012,51907
Ukraine,UKR,2013,2008
Ukraine,UKR,2014,5558
Ukraine,UKR,2015,55637
Ukraine,UKR,2016,44261
Ukraine,UKR,2017,14446
Ukraine,UKR,2018,4433
Ukraine,UKR,2019,0
Ukraine,UKR,2020,12722
United Arab Emirates,ARE,2013,0
United Kingdom,GBR,1969,129903
United Kingdom,GBR,1974,133415
United Kingdom,GBR,1979,126239
United Kingdom,GBR,1986,562781
United Kingdom,GBR,1991,138277
United Kingdom,GBR,1994,142713
United Kingdom,GBR,1995,143389
United Kingdom,GBR,1996,143304
United Kingdom,GBR,1997,144189
United Kingdom,GBR,1998,143620
United Kingdom,GBR,1999,145845
United Kingdom,GBR,2000,146143
United Kingdom,GBR,2001,140831
United Kingdom,GBR,2002,144240
United Kingdom,GBR,2003,147910
United Kingdom,GBR,2004,222749
United Kingdom,GBR,2005,316016
United Kingdom,GBR,2006,120443
United Kingdom,GBR,2007,163612
United Kingdom,GBR,2008,182271
United Kingdom,GBR,2009,107518
United Kingdom,GBR,2010,102506
United Kingdom,GBR,2011,239712
United Kingdom,GBR,2012,107601
United Kingdom,GBR,2013,102350
United Kingdom,GBR,2014,127031
United Kingdom,GBR,2015,96019
United Kingdom,GBR,2016,137956
United Kingdom,GBR,2017,205817
United States,USA,1974,1573850
United States,USA,1979,1123381
United States,USA,1986,1198234
United States,USA,1991,1263355
United States,USA,1992,1277182
United States,USA,1993,1298708
United States,USA,1994,1315085
United States,USA,1995,1331340
United States,USA,1996,2016536
United States,USA,1997,2042369
United States,USA,1998,2065689
United States,USA,1999,2087376
United States,USA,2000,2115076
United States,USA,2001,2135292
United States,USA,2002,2154071
United States,USA,2003,2893594
United States,USA,2004,2927708
United States,USA,2005,2954373
United States,USA,2006,2980544
United States,USA,2007,3011982
United States,USA,2008,3040177
United States,USA,2009,3065832
United States,USA,2010,3092426
United States,USA,2011,3112645
United States,USA,2012,3134005
United States,USA,2013,3146263
United States,USA,2014,3976476
United States,USA,2015,4006633
United States,USA,2016,3228750
United States,USA,2017,4063776
United States,USA,2018,3267702
United States,USA,2019,3280576
Uruguay,URY,2006,18758
Uruguay,URY,2007,12693
Uruguay,URY,2008,7602
Uruguay,URY,2009,9453
Uruguay,URY,2010,5681
Uruguay,URY,2011,4697
Uruguay,URY,2012,5723
Uruguay,URY,2013,5906
Uruguay,URY,2014,5218
Uruguay,URY,2015,5110
Uruguay,URY,2016,3160
Uruguay,URY,2017,2280
Uruguay,URY,2018,1926
Uruguay,URY,2019,3533
Uruguay,URY,2020,7052
Uruguay - urban,,1981,0
Uruguay - urban,,1989,18564
Uruguay - urban,,1992,15857
Uruguay - urban,,1995,15603
Uruguay - urban,,1996,17416
Uruguay - urban,,1997,16926
Uruguay - urban,,1998,19354
Uruguay - urban,,2000,20015
Uruguay - urban,,2001,15269
Uruguay - urban,,2002,19540
Uruguay - urban,,2003,25028
Uruguay - urban,,2004,31925
Uruguay - urban,,2005,26711
Uzbekistan,UZB,1998,14286029
Uzbekistan,UZB,2000,20288284
Uzbekistan,UZB,2002,20554873
Uzbekistan,UZB,2003,21015795
Vanuatu,VUT,2010,34607
Vanuatu,VUT,2019,29987
Venezuela,VEN,1981,1041996
Venezuela,VEN,1987,1281855
Venezuela,VEN,1989,1019321
Venezuela,VEN,1992,930450
Venezuela,VEN,1995,2177337
Venezuela,VEN,1998,2429433
Venezuela,VEN,1999,2809164
Venezuela,VEN,2001,2536489
Venezuela,VEN,2002,4111786
Venezuela,VEN,2003,5021542
Venezuela,VEN,2004,4317777
Venezuela,VEN,2005,3794565
Venezuela,VEN,2006,1914428
Vietnam,VNM,1992,31946482
Vietnam,VNM,1997,18812391
Vietnam,VNM,2002,24410793
Vietnam,VNM,2004,16730523
Vietnam,VNM,2006,12609426
Vietnam,VNM,2008,9607368
Vietnam,VNM,2010,2525096
Vietnam,VNM,2012,1490858
Vietnam,VNM,2014,1753611
Vietnam,VNM,2016,1183096
Vietnam,VNM,2018,1176592
World,OWID_WRL,1990,1996227602
World,OWID_WRL,1991,2005040128
World,OWID_WRL,1992,1990088260
World,OWID_WRL,1993,1973094217
World,OWID_WRL,1994,1927401397
World,OWID_WRL,1995,1871366990
World,OWID_WRL,1996,1809651598
World,OWID_WRL,1997,1823914890
World,OWID_WRL,1998,1861029636
World,OWID_WRL,1999,1829016261
World,OWID_WRL,2000,1781378570
World,OWID_WRL,2001,1749837843
World,OWID_WRL,2002,1684286870
World,OWID_WRL,2003,1622152162
World,OWID_WRL,2004,1520878176
World,OWID_WRL,2005,1412287245
World,OWID_WRL,2006,1377134105
World,OWID_WRL,2007,1311133534
World,OWID_WRL,2008,1269448462
World,OWID_WRL,2009,1224150879
World,OWID_WRL,2010,1126733692
World,OWID_WRL,2011,994740205
World,OWID_WRL,2012,939526609
World,OWID_WRL,2013,841515360
World,OWID_WRL,2014,811773119
World,OWID_WRL,2015,793044231
World,OWID_WRL,2016,778247036
World,OWID_WRL,2017,722637526
World,OWID_WRL,2018,673542250
World,OWID_WRL,2019,648095132
Yemen,YEM,1998,1332251
Yemen,YEM,2005,2119905
Yemen,YEM,2014,5113762
Zambia,ZMB,1991,4736767
Zambia,ZMB,1993,5112177
Zambia,ZMB,1996,4368513
Zambia,ZMB,1998,4659503
Zambia,ZMB,2002,6186818
Zambia,ZMB,2004,7053105
Zambia,ZMB,2006,7876026
Zambia,ZMB,2010,9314196
Zambia,ZMB,2015,9742337
Zimbabwe,ZWE,2011,2782603
Zimbabwe,ZWE,2017,4869778
Zimbabwe,ZWE,2019,5822239
